Date,city,Season,Temperature,Humidity,Wind_Speed,Precipitation,weather condition
01/01/2020,Birmingham,Winter,-9,0.8,4,14.51,Rainy
02/01/2020,Newcastle upon Tyne,Winter,-1,0.88,2,5.1,Rainy
03/01/2020,Bangor,Winter,4,0.73,4,6.33,Rainy
04/01/2020,Leeds,Winter,-10,0.75,3,17.48,Rainy
05/01/2020,Cardiff,Winter,-3,0.73,4,7.4,Rainy
06/01/2020,Sheffield,Winter,-1,0.74,3,5.42,Rainy
07/01/2020,St Davids,Winter,-8,0.85,1,4.63,Snowy
08/01/2020,Derry/Londonderry,Winter,-5,0.7,2,14.07,Rainy
09/01/2020,London,Winter,0,0.82,4,19.58,Rainy
10/01/2020,Aberdeen,Winter,1,0.89,5,17.45,Rainy
11/01/2020,Southampton,Winter,4,0.9,2,4.92,Foggy
12/01/2020,Nottingham,Winter,-5,0.79,5,0.36,Snowy
13/01/2020,Inverness,Winter,-4,0.76,4,16.81,Rainy
14/01/2020,Stirling,Winter,-1,0.83,1,8.87,Rainy
15/01/2020,Armagh,Winter,-4,0.78,2,15.75,Rainy
16/01/2020,Manchester,Winter,-10,0.82,2,15.98,Rainy
17/01/2020,Edinburgh,Winter,5,0.89,2,18.74,Rainy
18/01/2020,Newport,Winter,-10,0.87,5,5.9,Rainy
19/01/2020,Glasgow,Winter,-1,0.71,4,5.47,Rainy
20/01/2020,Perth,Winter,-5,0.85,5,19.13,Rainy
21/01/2020,Liverpool,Winter,-5,0.79,1,5.83,Rainy
22/01/2020,Newry,Winter,-1,0.82,4,16.09,Rainy
23/01/2020,Dundee,Winter,-8,0.81,1,7.95,Rainy
24/01/2020,Belfast,Winter,-8,0.81,5,15.58,Rainy
25/01/2020,Swansea,Winter,3,0.79,2,7.7,Rainy
26/01/2020,Bristol,Winter,-1,0.83,4,5.44,Rainy
27/01/2020,Birmingham,Winter,-7,0.75,3,8.05,Rainy
28/01/2020,Newcastle upon Tyne,Winter,2,0.9,1,1.33,Foggy
29/01/2020,Bangor,Winter,-3,0.79,5,7,Rainy
30/01/2020,Leeds,Winter,-1,0.83,1,13.2,Rainy
31/01/2020,Cardiff,Winter,-9,0.77,5,0.59,Snowy
01/02/2020,Sheffield,Winter,-5,0.75,2,18.26,Rainy
02/02/2020,St Davids,Winter,-4,0.73,4,1.57,Snowy
03/02/2020,Derry/Londonderry,Winter,0,0.86,5,,Undefined
04/02/2020,London,Winter,5,0.81,3,19.31,Rainy
05/02/2020,Aberdeen,Winter,-2,0.84,5,5.27,Rainy
06/02/2020,Southampton,Winter,5,0.87,5,17.44,Rainy
07/02/2020,Nottingham,Winter,-6,0.81,4,5.38,Rainy
08/02/2020,Inverness,Winter,-1,0.72,5,18.25,Rainy
09/02/2020,Stirling,Winter,2,0.85,1,14.28,Rainy
10/02/2020,Armagh,Winter,-9,0.84,5,11.8,Rainy
11/02/2020,Manchester,Winter,-5,0.9,2,5.65,Rainy
12/02/2020,Edinburgh,Winter,-4,0.82,5,0.79,Snowy
13/02/2020,Newport,Winter,4,0.76,2,19.96,Rainy
14/02/2020,Glasgow,Winter,-9,0.86,4,1.23,Snowy
15/02/2020,Perth,Winter,0,0.89,4,19.95,Rainy
16/02/2020,Liverpool,Winter,5,0.88,5,12.66,Rainy
17/02/2020,Newry,Winter,1,0.84,3,2.24,Foggy
18/02/2020,Dundee,Winter,-2,0.89,4,16.24,Rainy
19/02/2020,Belfast,Winter,-6,0.87,2,0.95,Snowy
20/02/2020,Swansea,Winter,-5,0.74,1,,Undefined
21/02/2020,Bristol,Winter,-9,0.8,3,17.26,Rainy
22/02/2020,Birmingham,Winter,2,0.79,5,5.51,Rainy
23/02/2020,Newcastle upon Tyne,Winter,1,0.74,2,14.53,Rainy
24/02/2020,Bangor,Winter,2,0.7,4,17.28,Rainy
25/02/2020,Leeds,Winter,-3,0.79,2,2.41,Snowy
26/02/2020,Cardiff,Winter,-10,0.89,5,13.32,Rainy
27/02/2020,Sheffield,Winter,1,0.77,3,18.9,Rainy
28/02/2020,St Davids,Winter,3,0.73,3,1,Undefined
29/02/2020,Derry/Londonderry,Winter,4,0.71,1,4.79,Undefined
01/03/2020,London,Spring,13,0.62,2,19.75,Rainy
02/03/2020,Aberdeen,Spring,8,0.62,3,11.64,Rainy
03/03/2020,Southampton,Spring,13,0.66,3,10.98,Rainy
04/03/2020,Nottingham,Spring,16,0.64,5,,Undefined
05/03/2020,Inverness,Spring,14,0.62,3,11.94,Rainy
06/03/2020,Stirling,Spring,20,0.53,2,15.17,Rainy
07/03/2020,Armagh,Spring,19,0.65,4,9.11,Rainy
08/03/2020,Manchester,Spring,20,0.62,5,19.46,Rainy
09/03/2020,Edinburgh,Spring,16,0.58,5,2.06,Undefined
10/03/2020,Newport,Spring,10,0.63,6,16.38,Rainy
11/03/2020,Glasgow,Spring,13,0.67,3,18.62,Rainy
12/03/2020,Perth,Spring,14,0.56,2,,Undefined
13/03/2020,Liverpool,Spring,11,0.61,4,16.45,Rainy
14/03/2020,Newry,Spring,8,0.58,5,6.79,Rainy
15/03/2020,Dundee,Spring,17,0.69,4,16.11,Rainy
16/03/2020,Belfast,Spring,13,0.61,4,9.04,Rainy
17/03/2020,Swansea,Spring,15,0.68,3,2.02,Undefined
18/03/2020,Bristol,Spring,5,0.5,6,17.33,Rainy
19/03/2020,Birmingham,Spring,10,0.57,5,8.93,Rainy
20/03/2020,Newcastle upon Tyne,Spring,12,0.55,5,5.8,Rainy
21/03/2020,Bangor,Spring,20,0.67,4,12.7,Rainy
22/03/2020,Leeds,Spring,15,0.5,4,4.97,Undefined
23/03/2020,Cardiff,Spring,10,0.54,5,12.44,Rainy
24/03/2020,Sheffield,Spring,9,0.5,6,12.97,Rainy
25/03/2020,St Davids,Spring,20,0.64,2,16.71,Rainy
26/03/2020,Derry/Londonderry,Spring,6,0.57,2,7.31,Rainy
27/03/2020,London,Spring,13,0.64,3,19.83,Rainy
28/03/2020,Aberdeen,Spring,6,0.6,2,,Undefined
29/03/2020,Southampton,Spring,12,0.58,2,8.87,Rainy
30/03/2020,Nottingham,Spring,10,0.55,2,5.65,Rainy
31/03/2020,Inverness,Spring,10,0.54,2,2.77,Undefined
01/04/2020,Stirling,Spring,17,0.69,5,18.63,Rainy
02/04/2020,Armagh,Spring,15,0.66,2,6.77,Rainy
03/04/2020,Manchester,Spring,20,0.69,4,1.61,Undefined
04/04/2020,Edinburgh,Spring,10,0.58,4,4.55,Undefined
05/04/2020,Newport,Spring,10,0.53,5,19.91,Rainy
06/04/2020,Glasgow,Spring,7,0.6,6,6.89,Rainy
07/04/2020,Perth,Spring,20,0.59,3,14,Rainy
08/04/2020,Liverpool,Spring,18,0.54,6,16.66,Rainy
09/04/2020,Newry,Spring,11,0.67,5,,Undefined
10/04/2020,Dundee,Spring,6,0.66,4,12.45,Rainy
11/04/2020,Belfast,Spring,15,0.58,6,7.16,Rainy
12/04/2020,Swansea,Spring,12,0.65,2,3.2,Undefined
13/04/2020,Bristol,Spring,11,0.65,6,3.71,Undefined
14/04/2020,Birmingham,Spring,16,0.7,2,18.31,Rainy
15/04/2020,Newcastle upon Tyne,Spring,7,0.57,5,14.24,Rainy
16/04/2020,Bangor,Spring,5,0.5,4,0.75,Undefined
17/04/2020,Leeds,Spring,13,0.67,6,7.27,Rainy
18/04/2020,Cardiff,Spring,12,0.55,4,10.94,Rainy
19/04/2020,Sheffield,Spring,10,0.67,6,18.26,Rainy
20/04/2020,St Davids,Spring,12,0.6,2,,Undefined
21/04/2020,Derry/Londonderry,Spring,17,0.62,4,,Undefined
22/04/2020,London,Spring,14,0.66,5,,Undefined
23/04/2020,Aberdeen,Spring,10,0.59,3,,Undefined
24/04/2020,Southampton,Spring,7,0.55,4,13.45,Rainy
25/04/2020,Nottingham,Spring,19,0.68,6,7.25,Rainy
26/04/2020,Inverness,Spring,17,0.67,3,8.98,Rainy
27/04/2020,Stirling,Spring,11,0.62,6,10.48,Rainy
28/04/2020,Armagh,Spring,7,0.58,6,9.98,Rainy
29/04/2020,Manchester,Spring,5,0.59,6,13.16,Rainy
30/04/2020,Edinburgh,Spring,18,0.69,3,0.84,Undefined
01/05/2020,Newport,Spring,6,0.68,2,6.38,Rainy
02/05/2020,Glasgow,Spring,5,0.54,4,6.36,Rainy
03/05/2020,Perth,Spring,11,0.53,4,15.41,Rainy
04/05/2020,Liverpool,Spring,18,0.52,5,19.64,Rainy
05/05/2020,Newry,Spring,12,0.62,2,18.72,Rainy
06/05/2020,Dundee,Spring,13,0.51,6,0.52,Undefined
07/05/2020,Belfast,Spring,19,0.58,3,1.76,Undefined
08/05/2020,Swansea,Spring,20,0.62,2,13.24,Rainy
09/05/2020,Bristol,Spring,12,0.66,2,19.19,Rainy
10/05/2020,Birmingham,Spring,17,0.69,6,15.3,Rainy
11/05/2020,Newcastle upon Tyne,Spring,6,0.56,5,14.65,Rainy
12/05/2020,Bangor,Spring,8,0.54,2,0.93,Undefined
13/05/2020,Leeds,Spring,13,0.5,3,8.82,Rainy
14/05/2020,Cardiff,Spring,19,0.5,6,3.7,Undefined
15/05/2020,Sheffield,Spring,18,0.54,2,6.51,Rainy
16/05/2020,St Davids,Spring,13,0.68,5,8.69,Rainy
17/05/2020,Derry/Londonderry,Spring,15,0.5,4,2.93,Undefined
18/05/2020,London,Spring,20,0.56,2,8.52,Rainy
19/05/2020,Aberdeen,Spring,12,0.67,2,7.7,Rainy
20/05/2020,Southampton,Spring,20,0.62,4,8.86,Rainy
21/05/2020,Nottingham,Spring,7,0.5,5,18.47,Rainy
22/05/2020,Inverness,Spring,19,0.64,2,,Undefined
23/05/2020,Stirling,Spring,6,0.58,5,17.73,Rainy
24/05/2020,Armagh,Spring,19,0.63,3,13.67,Rainy
25/05/2020,Manchester,Spring,15,0.68,3,4.14,Undefined
26/05/2020,Edinburgh,Spring,18,0.5,5,5.98,Rainy
27/05/2020,Newport,Spring,19,0.59,2,13.08,Rainy
28/05/2020,Glasgow,Spring,19,0.61,3,16.03,Rainy
29/05/2020,Perth,Spring,9,0.5,4,6.64,Rainy
30/05/2020,Liverpool,Spring,20,0.64,5,8.31,Rainy
31/05/2020,Newry,Spring,16,0.58,6,4.91,Undefined
01/06/2020,Dundee,Summer,31,0.5,2,19.44,Rainy
02/06/2020,Belfast,Summer,30,0.53,1,15.6,Rainy
03/06/2020,Swansea,Summer,28,0.51,3,8.86,Rainy
04/06/2020,Bristol,Summer,35,0.51,1,1.06,HeatWave
05/06/2020,Birmingham,Summer,33,0.48,3,16.73,Rainy
06/06/2020,Newcastle upon Tyne,Summer,23,0.57,3,13.51,Rainy
07/06/2020,Bangor,Summer,23,0.44,3,18.96,Rainy
08/06/2020,Leeds,Summer,21,0.44,4,5.67,Rainy
09/06/2020,Cardiff,Summer,24,0.56,2,9.94,Rainy
10/06/2020,Sheffield,Summer,34,0.4,2,,HeatWave
11/06/2020,St Davids,Summer,32,0.48,2,4.78,HeatWave
12/06/2020,Derry/Londonderry,Summer,29,0.4,1,9.75,Rainy
13/06/2020,London,Summer,26,0.46,4,1.87,Undefined
14/06/2020,Aberdeen,Summer,28,0.59,2,9.87,Rainy
15/06/2020,Southampton,Summer,20,0.58,4,14.4,Rainy
16/06/2020,Nottingham,Summer,20,0.52,4,,Undefined
17/06/2020,Inverness,Summer,31,0.44,4,3.76,HeatWave
18/06/2020,Stirling,Summer,31,0.47,4,9.25,Rainy
19/06/2020,Armagh,Summer,26,0.54,1,3.8,Undefined
20/06/2020,Manchester,Summer,24,0.6,4,2.13,Undefined
21/06/2020,Edinburgh,Summer,33,0.53,2,19.59,Rainy
22/06/2020,Newport,Summer,31,0.59,2,18.74,Rainy
23/06/2020,Glasgow,Summer,21,0.51,3,,Undefined
24/06/2020,Perth,Summer,20,0.54,1,3.3,Undefined
25/06/2020,Liverpool,Summer,22,0.45,1,3.5,Undefined
26/06/2020,Newry,Summer,32,0.42,3,14.03,Rainy
27/06/2020,Dundee,Summer,30,0.48,1,,Undefined
28/06/2020,Belfast,Summer,21,0.47,4,12.33,Rainy
29/06/2020,Swansea,Summer,26,0.47,3,,Undefined
30/06/2020,Bristol,Summer,30,0.58,3,8.68,Rainy
01/07/2020,Birmingham,Summer,20,0.48,2,16.31,Rainy
02/07/2020,Newcastle upon Tyne,Summer,29,0.52,3,19.96,Rainy
03/07/2020,Bangor,Summer,29,0.58,2,9.48,Rainy
04/07/2020,Leeds,Summer,35,0.42,2,3.13,HeatWave
05/07/2020,Cardiff,Summer,24,0.51,2,0.71,Undefined
06/07/2020,Sheffield,Summer,31,0.45,2,9.23,Rainy
07/07/2020,St Davids,Summer,21,0.41,1,17.25,Rainy
08/07/2020,Derry/Londonderry,Summer,21,0.56,4,19.49,Rainy
09/07/2020,London,Summer,24,0.52,2,17.18,Rainy
10/07/2020,Aberdeen,Summer,30,0.58,4,3.77,Undefined
11/07/2020,Southampton,Summer,32,0.5,1,7.93,Rainy
12/07/2020,Nottingham,Summer,28,0.52,3,15.57,Rainy
13/07/2020,Inverness,Summer,22,0.52,1,1.76,Undefined
14/07/2020,Stirling,Summer,31,0.45,2,12.65,Rainy
15/07/2020,Armagh,Summer,21,0.59,4,18,Rainy
16/07/2020,Manchester,Summer,26,0.49,3,16.28,Rainy
17/07/2020,Edinburgh,Summer,22,0.45,1,10.57,Rainy
18/07/2020,Newport,Summer,32,0.4,3,10.97,Rainy
19/07/2020,Glasgow,Summer,20,0.53,4,16.1,Rainy
20/07/2020,Perth,Summer,29,0.53,1,,Undefined
21/07/2020,Liverpool,Summer,20,0.45,1,,Undefined
22/07/2020,Newry,Summer,31,0.57,1,0.84,HeatWave
23/07/2020,Dundee,Summer,25,0.46,4,1.63,Undefined
24/07/2020,Belfast,Summer,29,0.56,2,4.32,Undefined
25/07/2020,Swansea,Summer,33,0.45,1,10.85,Rainy
26/07/2020,Bristol,Summer,20,0.5,4,10.28,Rainy
27/07/2020,Birmingham,Summer,33,0.53,2,1.01,HeatWave
28/07/2020,Newcastle upon Tyne,Summer,35,0.41,3,4.62,HeatWave
29/07/2020,Bangor,Summer,27,0.5,4,12.04,Rainy
30/07/2020,Leeds,Summer,35,0.5,1,11.81,Rainy
31/07/2020,Cardiff,Summer,28,0.44,1,17.57,Rainy
01/08/2020,Sheffield,Summer,22,0.44,4,5.04,Rainy
02/08/2020,St Davids,Summer,20,0.54,1,6.55,Rainy
03/08/2020,Derry/Londonderry,Summer,21,0.5,4,9.03,Rainy
04/08/2020,London,Summer,32,0.55,1,2.89,HeatWave
05/08/2020,Aberdeen,Summer,28,0.53,2,8.57,Rainy
06/08/2020,Southampton,Summer,29,0.52,1,6.85,Rainy
07/08/2020,Nottingham,Summer,21,0.54,3,20,Rainy
08/08/2020,Inverness,Summer,22,0.47,4,12.16,Rainy
09/08/2020,Stirling,Summer,22,0.43,2,13.09,Rainy
10/08/2020,Armagh,Summer,35,0.49,2,18.87,Rainy
11/08/2020,Manchester,Summer,33,0.59,4,15.55,Rainy
12/08/2020,Edinburgh,Summer,22,0.56,4,4.99,Undefined
13/08/2020,Newport,Summer,34,0.49,2,5,HeatWave
14/08/2020,Glasgow,Summer,33,0.56,2,5.04,Rainy
15/08/2020,Perth,Summer,35,0.5,4,2.73,HeatWave
16/08/2020,Liverpool,Summer,35,0.52,3,16.68,Rainy
17/08/2020,Newry,Summer,21,0.55,3,,Undefined
18/08/2020,Dundee,Summer,29,0.56,4,19.58,Rainy
19/08/2020,Belfast,Summer,27,0.58,1,14.85,Rainy
20/08/2020,Swansea,Summer,25,0.53,1,9.7,Rainy
21/08/2020,Bristol,Summer,27,0.54,2,4.35,Undefined
22/08/2020,Birmingham,Summer,21,0.54,1,10.8,Rainy
23/08/2020,Newcastle upon Tyne,Summer,31,0.47,2,11.43,Rainy
24/08/2020,Bangor,Summer,22,0.57,3,8.02,Rainy
25/08/2020,Leeds,Summer,31,0.55,1,9.65,Rainy
26/08/2020,Cardiff,Summer,21,0.56,4,4.49,Undefined
27/08/2020,Sheffield,Summer,30,0.55,2,12.9,Rainy
28/08/2020,St Davids,Summer,35,0.44,1,15.84,Rainy
29/08/2020,Derry/Londonderry,Summer,23,0.55,4,7.12,Rainy
30/08/2020,London,Summer,29,0.4,3,6.93,Rainy
31/08/2020,Aberdeen,Summer,33,0.5,3,16.83,Rainy
01/09/2020,Southampton,Autumn,6,0.61,5,19.51,Rainy
02/09/2020,Nottingham,Autumn,12,0.55,1,18,Rainy
03/09/2020,Inverness,Autumn,19,0.59,1,,Undefined
04/09/2020,Stirling,Autumn,16,0.5,1,13.73,Rainy
05/09/2020,Armagh,Autumn,8,0.59,5,12.26,Rainy
06/09/2020,Manchester,Autumn,15,0.53,2,2.64,Undefined
07/09/2020,Edinburgh,Autumn,16,0.66,4,9.7,Rainy
08/09/2020,Newport,Autumn,16,0.62,4,5.55,Rainy
09/09/2020,Glasgow,Autumn,14,0.59,5,,Undefined
10/09/2020,Perth,Autumn,9,0.63,2,7.99,Rainy
11/09/2020,Liverpool,Autumn,8,0.56,3,18.08,Rainy
12/09/2020,Newry,Autumn,20,0.64,3,10.8,Rainy
13/09/2020,Dundee,Autumn,11,0.66,4,16.81,Rainy
14/09/2020,Belfast,Autumn,16,0.66,3,,Undefined
15/09/2020,Swansea,Autumn,11,0.67,4,1.07,Undefined
16/09/2020,Bristol,Autumn,18,0.6,5,,Undefined
17/09/2020,Birmingham,Autumn,20,0.52,3,16.78,Rainy
18/09/2020,Newcastle upon Tyne,Autumn,9,0.68,3,6.16,Rainy
19/09/2020,Bangor,Autumn,9,0.62,1,4.97,Undefined
20/09/2020,Leeds,Autumn,12,0.65,4,13.99,Rainy
21/09/2020,Cardiff,Autumn,8,0.54,1,11.66,Rainy
22/09/2020,Sheffield,Autumn,20,0.51,4,10.47,Rainy
23/09/2020,St Davids,Autumn,11,0.52,2,15.85,Rainy
24/09/2020,Derry/Londonderry,Autumn,17,0.56,5,10.04,Rainy
25/09/2020,London,Autumn,16,0.65,2,17.28,Rainy
26/09/2020,Aberdeen,Autumn,12,0.64,4,2.85,Undefined
27/09/2020,Southampton,Autumn,20,0.53,3,8.79,Rainy
28/09/2020,Nottingham,Autumn,10,0.58,5,10.28,Rainy
29/09/2020,Inverness,Autumn,10,0.64,4,10.5,Rainy
30/09/2020,Stirling,Autumn,8,0.56,2,6.25,Rainy
01/10/2020,Armagh,Autumn,19,0.62,1,19.02,Rainy
02/10/2020,Manchester,Autumn,12,0.55,2,4.45,Undefined
03/10/2020,Edinburgh,Autumn,14,0.54,2,15.93,Rainy
04/10/2020,Newport,Autumn,18,0.68,3,2.47,Undefined
05/10/2020,Glasgow,Autumn,14,0.52,5,1.24,Undefined
06/10/2020,Perth,Autumn,10,0.56,3,5.87,Rainy
07/10/2020,Liverpool,Autumn,19,0.52,3,10.98,Rainy
08/10/2020,Newry,Autumn,15,0.55,5,7.02,Rainy
09/10/2020,Dundee,Autumn,5,0.56,1,5.63,Rainy
10/10/2020,Belfast,Autumn,8,0.54,5,17.68,Rainy
11/10/2020,Swansea,Autumn,19,0.59,2,1.38,Undefined
12/10/2020,Bristol,Autumn,12,0.67,5,13.59,Rainy
13/10/2020,Birmingham,Autumn,11,0.68,2,16.67,Rainy
14/10/2020,Newcastle upon Tyne,Autumn,16,0.61,2,11.3,Rainy
15/10/2020,Bangor,Autumn,19,0.64,4,1.74,Undefined
16/10/2020,Leeds,Autumn,17,0.5,5,3.5,Undefined
17/10/2020,Cardiff,Autumn,10,0.63,1,1.17,Undefined
18/10/2020,Sheffield,Autumn,9,0.52,1,13.39,Rainy
19/10/2020,St Davids,Autumn,19,0.54,4,8.28,Rainy
20/10/2020,Derry/Londonderry,Autumn,10,0.57,5,11.31,Rainy
21/10/2020,London,Autumn,19,0.7,3,14,Rainy
22/10/2020,Aberdeen,Autumn,15,0.53,5,2.36,Undefined
23/10/2020,Southampton,Autumn,7,0.67,1,19.38,Rainy
24/10/2020,Nottingham,Autumn,8,0.63,5,,Undefined
25/10/2020,Inverness,Autumn,9,0.65,3,2.44,Undefined
26/10/2020,Stirling,Autumn,13,0.65,5,6.72,Rainy
27/10/2020,Armagh,Autumn,10,0.51,3,4.37,Undefined
28/10/2020,Manchester,Autumn,16,0.57,4,17.83,Rainy
29/10/2020,Edinburgh,Autumn,14,0.59,3,8.02,Rainy
30/10/2020,Newport,Autumn,17,0.68,5,19.83,Rainy
31/10/2020,Glasgow,Autumn,18,0.52,1,14.07,Rainy
01/11/2020,Perth,Autumn,13,0.55,4,14.82,Rainy
02/11/2020,Liverpool,Autumn,18,0.56,4,17.39,Rainy
03/11/2020,Newry,Autumn,13,0.6,3,5.3,Rainy
04/11/2020,Dundee,Autumn,8,0.58,3,4.9,Undefined
05/11/2020,Belfast,Autumn,10,0.63,3,3.46,Undefined
06/11/2020,Swansea,Autumn,9,0.65,2,12.13,Rainy
07/11/2020,Bristol,Autumn,10,0.65,1,13.03,Rainy
08/11/2020,Birmingham,Autumn,12,0.66,4,5.62,Rainy
09/11/2020,Newcastle upon Tyne,Autumn,13,0.51,4,,Undefined
10/11/2020,Bangor,Autumn,10,0.55,4,1.15,Undefined
11/11/2020,Leeds,Autumn,16,0.69,3,6.9,Rainy
12/11/2020,Cardiff,Autumn,7,0.54,3,4.64,Undefined
13/11/2020,Sheffield,Autumn,9,0.65,5,11.1,Rainy
14/11/2020,St Davids,Autumn,15,0.67,3,2.44,Undefined
15/11/2020,Derry/Londonderry,Autumn,6,0.59,4,19.6,Rainy
16/11/2020,London,Autumn,14,0.51,4,9.04,Rainy
17/11/2020,Aberdeen,Autumn,19,0.51,1,2.28,Undefined
18/11/2020,Southampton,Autumn,11,0.68,3,12.15,Rainy
19/11/2020,Nottingham,Autumn,9,0.55,1,15.46,Rainy
20/11/2020,Inverness,Autumn,16,0.52,2,,Undefined
21/11/2020,Stirling,Autumn,8,0.57,5,10.67,Rainy
22/11/2020,Armagh,Autumn,9,0.6,1,4.12,Undefined
23/11/2020,Manchester,Autumn,14,0.59,5,3.95,Undefined
24/11/2020,Edinburgh,Autumn,20,0.68,2,1.03,Undefined
25/11/2020,Newport,Autumn,6,0.58,5,4.13,Undefined
26/11/2020,Glasgow,Autumn,13,0.68,1,19.58,Rainy
27/11/2020,Perth,Autumn,5,0.58,5,6.19,Rainy
28/11/2020,Liverpool,Autumn,10,0.61,4,4.93,Undefined
29/11/2020,Newry,Autumn,9,0.51,4,5.91,Rainy
30/11/2020,Dundee,Autumn,11,0.58,1,13.81,Rainy
01/12/2020,Belfast,Winter,-7,0.77,5,5.91,Rainy
02/12/2020,Swansea,Winter,-1,0.86,1,13.62,Rainy
03/12/2020,Bristol,Winter,4,0.86,3,14.81,Rainy
04/12/2020,Birmingham,Winter,5,0.77,4,11.71,Rainy
05/12/2020,Newcastle upon Tyne,Winter,2,0.79,1,,Undefined
06/12/2020,Bangor,Winter,-9,0.77,5,5.84,Rainy
07/12/2020,Leeds,Winter,-3,0.78,4,11.26,Rainy
08/12/2020,Cardiff,Winter,-1,0.81,1,,Foggy
09/12/2020,Sheffield,Winter,-10,0.83,2,17.74,Rainy
10/12/2020,St Davids,Winter,5,0.72,2,5.51,Rainy
11/12/2020,Derry/Londonderry,Winter,-10,0.77,5,14.55,Rainy
12/12/2020,London,Winter,4,0.84,2,17.72,Rainy
13/12/2020,Aberdeen,Winter,-5,0.82,1,19.11,Rainy
14/12/2020,Southampton,Winter,-1,0.88,3,,Foggy
15/12/2020,Nottingham,Winter,-5,0.89,2,1.9,Snowy
16/12/2020,Inverness,Winter,-5,0.83,1,12.21,Rainy
17/12/2020,Stirling,Winter,-6,0.85,2,1.23,Snowy
18/12/2020,Armagh,Winter,3,0.87,1,4.36,Foggy
19/12/2020,Manchester,Winter,4,0.84,3,12.04,Rainy
20/12/2020,Edinburgh,Winter,-1,0.7,5,17.21,Rainy
21/12/2020,Newport,Winter,-10,0.9,2,10.87,Rainy
22/12/2020,Glasgow,Winter,-2,0.77,3,2.69,Snowy
23/12/2020,Perth,Winter,1,0.8,1,2.8,Undefined
24/12/2020,Liverpool,Winter,-3,0.72,1,4.77,Snowy
25/12/2020,Newry,Winter,-7,0.78,2,,Undefined
26/12/2020,Dundee,Winter,-10,0.78,3,7.06,Rainy
27/12/2020,Belfast,Winter,-8,0.85,2,17.38,Rainy
28/12/2020,Swansea,Winter,3,0.7,2,18.89,Rainy
29/12/2020,Bristol,Winter,-3,0.8,2,16.48,Rainy
30/12/2020,Birmingham,Winter,-3,0.7,5,3.04,Snowy
31/12/2020,Newcastle upon Tyne,Winter,-7,0.82,4,,Foggy
01/01/2021,Bangor,Winter,-10,0.77,4,7,Rainy
02/01/2021,Leeds,Winter,-6,0.86,2,,Foggy
03/01/2021,Cardiff,Winter,2,0.76,2,13.33,Rainy
04/01/2021,Sheffield,Winter,-4,0.84,3,13.93,Rainy
05/01/2021,St Davids,Winter,-8,0.84,5,11.87,Rainy
06/01/2021,Derry/Londonderry,Winter,5,0.86,2,13.36,Rainy
07/01/2021,London,Winter,-7,0.89,2,,Foggy
08/01/2021,Aberdeen,Winter,2,0.88,4,10.99,Rainy
09/01/2021,Southampton,Winter,1,0.79,5,9.87,Rainy
10/01/2021,Nottingham,Winter,-2,0.78,2,3.55,Snowy
11/01/2021,Inverness,Winter,0,0.87,1,16.61,Rainy
12/01/2021,Stirling,Winter,-3,0.77,5,14.62,Rainy
13/01/2021,Armagh,Winter,-7,0.84,1,5.69,Rainy
14/01/2021,Manchester,Winter,-5,0.89,4,11.13,Rainy
15/01/2021,Edinburgh,Winter,1,0.79,1,14.52,Rainy
16/01/2021,Newport,Winter,-7,0.78,4,,Undefined
17/01/2021,Glasgow,Winter,3,0.86,2,6.39,Rainy
18/01/2021,Perth,Winter,-8,0.72,4,16.66,Rainy
19/01/2021,Liverpool,Winter,-9,0.78,5,13.7,Rainy
20/01/2021,Newry,Winter,-5,0.88,5,18.69,Rainy
21/01/2021,Dundee,Winter,-6,0.7,1,,Undefined
22/01/2021,Belfast,Winter,5,0.74,1,13.78,Rainy
23/01/2021,Swansea,Winter,-3,0.72,3,10.72,Rainy
24/01/2021,Bristol,Winter,-10,0.75,5,2.58,Snowy
25/01/2021,Birmingham,Winter,-2,0.78,4,0.98,Snowy
26/01/2021,Newcastle upon Tyne,Winter,2,0.8,1,16.38,Rainy
27/01/2021,Bangor,Winter,2,0.76,1,,Undefined
28/01/2021,Leeds,Winter,-10,0.85,5,7.16,Rainy
29/01/2021,Cardiff,Winter,5,0.73,3,0.86,Undefined
30/01/2021,Sheffield,Winter,5,0.85,5,14.92,Rainy
31/01/2021,St Davids,Winter,-5,0.83,2,,Foggy
01/02/2021,Derry/Londonderry,Winter,-10,0.82,5,19.28,Rainy
02/02/2021,London,Winter,-1,0.76,4,18.33,Rainy
03/02/2021,Aberdeen,Winter,-6,0.75,5,11.85,Rainy
04/02/2021,Southampton,Winter,1,0.87,5,,Undefined
05/02/2021,Nottingham,Winter,-4,0.71,4,3.29,Snowy
06/02/2021,Inverness,Winter,3,0.77,2,7.29,Rainy
07/02/2021,Stirling,Winter,-4,0.8,5,14.84,Rainy
08/02/2021,Armagh,Winter,-7,0.74,2,3.76,Snowy
09/02/2021,Manchester,Winter,-9,0.78,5,7.33,Rainy
10/02/2021,Edinburgh,Winter,-5,0.89,2,,Foggy
11/02/2021,Newport,Winter,-4,0.88,1,19.81,Rainy
12/02/2021,Glasgow,Winter,-7,0.86,4,,Foggy
13/02/2021,Perth,Winter,-4,0.79,1,17.61,Rainy
14/02/2021,Liverpool,Winter,-7,0.75,2,10.37,Rainy
15/02/2021,Newry,Winter,-2,0.74,5,4.45,Snowy
16/02/2021,Dundee,Winter,-2,0.86,1,14.24,Rainy
17/02/2021,Belfast,Winter,5,0.81,5,5.26,Rainy
18/02/2021,Swansea,Winter,-8,0.85,3,13.69,Rainy
19/02/2021,Bristol,Winter,-1,0.79,1,12.26,Rainy
20/02/2021,Birmingham,Winter,-6,0.73,3,13.7,Rainy
21/02/2021,Newcastle upon Tyne,Winter,0,0.82,1,0.81,Foggy
22/02/2021,Bangor,Winter,3,0.78,3,8.34,Rainy
23/02/2021,Leeds,Winter,-6,0.9,1,16.1,Rainy
24/02/2021,Cardiff,Winter,1,0.86,5,4.68,Undefined
25/02/2021,Sheffield,Winter,-7,0.77,2,0.75,Snowy
26/02/2021,St Davids,Winter,5,0.74,5,19,Rainy
27/02/2021,Derry/Londonderry,Winter,-9,0.84,5,8.96,Rainy
28/02/2021,London,Winter,-9,0.82,3,10.38,Rainy
01/03/2021,Aberdeen,Winter,1,0.71,2,9.24,Rainy
02/03/2021,Southampton,Winter,-10,0.81,2,17.89,Rainy
03/03/2021,Nottingham,Winter,4,0.86,3,17.95,Rainy
04/03/2021,Inverness,Winter,-2,0.75,5,14.57,Rainy
05/03/2021,Stirling,Winter,1,0.7,4,15.07,Rainy
06/03/2021,Armagh,Winter,1,0.75,4,,Undefined
07/03/2021,Manchester,Winter,3,0.77,4,9.03,Rainy
08/03/2021,Edinburgh,Winter,5,0.87,3,2.76,Foggy
09/03/2021,Newport,Winter,-6,0.88,5,16.51,Rainy
10/03/2021,Glasgow,Winter,-8,0.73,5,7.67,Rainy
11/03/2021,Perth,Winter,1,0.71,2,8.64,Rainy
12/03/2021,Liverpool,Winter,-7,0.71,1,8.81,Rainy
13/03/2021,Newry,Winter,1,0.87,1,3.41,Foggy
14/03/2021,Dundee,Winter,2,0.78,2,13.86,Rainy
15/03/2021,Belfast,Winter,-3,0.88,1,6.79,Rainy
16/03/2021,Swansea,Winter,2,0.83,5,19.42,Rainy
17/03/2021,Bristol,Winter,-8,0.72,4,16.02,Rainy
18/03/2021,Birmingham,Winter,-4,0.73,3,17.43,Rainy
19/03/2021,Newcastle upon Tyne,Winter,-3,0.75,1,1.37,Snowy
20/03/2021,Bangor,Winter,1,0.77,2,10.23,Rainy
21/03/2021,Leeds,Winter,0,0.86,2,14.38,Rainy
22/03/2021,Cardiff,Winter,-1,0.75,4,18.52,Rainy
23/03/2021,Sheffield,Winter,1,0.81,2,5.17,Rainy
24/03/2021,St Davids,Winter,-3,0.8,4,7.71,Rainy
25/03/2021,Derry/Londonderry,Winter,3,0.82,2,19.12,Rainy
26/03/2021,London,Winter,3,0.75,3,6.71,Rainy
27/03/2021,Aberdeen,Winter,0,0.89,1,,Foggy
28/03/2021,Southampton,Winter,-1,0.71,2,8.17,Rainy
29/03/2021,Nottingham,Winter,0,0.87,5,15.5,Rainy
30/03/2021,Inverness,Winter,-8,0.84,5,4.51,Snowy
31/03/2021,Stirling,Winter,-9,0.88,1,6.09,Rainy
01/04/2021,Armagh,Winter,-2,0.79,2,10.65,Rainy
02/04/2021,Manchester,Winter,-10,0.83,1,3.87,Snowy
03/04/2021,Edinburgh,Winter,4,0.85,4,,Foggy
04/04/2021,Newport,Winter,-2,0.76,4,11.98,Rainy
05/04/2021,Glasgow,Winter,-10,0.88,4,18.32,Rainy
06/04/2021,Perth,Winter,-6,0.72,4,19.68,Rainy
07/04/2021,Liverpool,Winter,-7,0.85,3,18.01,Rainy
08/04/2021,Newry,Winter,-7,0.74,5,17.67,Rainy
09/04/2021,Dundee,Winter,-2,0.8,3,9.52,Rainy
10/04/2021,Belfast,Winter,-2,0.8,1,2.26,Snowy
11/04/2021,Swansea,Winter,2,0.78,5,6.09,Rainy
12/04/2021,Bristol,Winter,5,0.89,2,,Foggy
13/04/2021,Birmingham,Winter,-6,0.83,2,,Foggy
14/04/2021,Newcastle upon Tyne,Winter,-1,0.71,5,7.08,Rainy
15/04/2021,Bangor,Winter,0,0.83,5,4.72,Undefined
16/04/2021,Leeds,Winter,1,0.72,3,,Undefined
17/04/2021,Cardiff,Winter,-3,0.87,2,,Foggy
18/04/2021,Sheffield,Winter,5,0.87,4,5.04,Rainy
19/04/2021,St Davids,Winter,-10,0.88,4,,Foggy
20/04/2021,Derry/Londonderry,Winter,-7,0.83,1,11.53,Rainy
21/04/2021,London,Winter,1,0.72,2,2.28,Undefined
22/04/2021,Aberdeen,Winter,5,0.78,3,13.13,Rainy
23/04/2021,Southampton,Winter,-9,0.84,5,6.5,Rainy
24/04/2021,Nottingham,Winter,-10,0.9,5,,Undefined
25/04/2021,Inverness,Winter,-1,0.74,2,5.76,Rainy
26/04/2021,Stirling,Winter,-5,0.77,2,16.26,Rainy
27/04/2021,Armagh,Winter,2,0.86,4,18.72,Rainy
28/04/2021,Manchester,Winter,-3,0.76,3,5.14,Rainy
29/04/2021,Edinburgh,Winter,-2,0.88,2,15.71,Rainy
30/04/2021,Newport,Winter,-5,0.9,3,15.96,Rainy
01/05/2021,Glasgow,Winter,-2,0.71,4,14.58,Rainy
02/05/2021,Perth,Winter,-10,0.79,3,1.88,Snowy
03/05/2021,Liverpool,Winter,1,0.86,4,0.64,Foggy
04/05/2021,Newry,Winter,-1,0.77,1,15.42,Rainy
05/05/2021,Dundee,Winter,1,0.77,3,2.37,Undefined
06/05/2021,Belfast,Winter,-9,0.84,4,3.08,Snowy
07/05/2021,Swansea,Winter,-1,0.85,2,8.92,Rainy
08/05/2021,Bristol,Winter,-9,0.73,3,6.98,Rainy
09/05/2021,Birmingham,Winter,2,0.72,4,6.64,Rainy
10/05/2021,Newcastle upon Tyne,Winter,3,0.75,1,16.71,Rainy
11/05/2021,Bangor,Winter,-6,0.81,3,,Foggy
12/05/2021,Leeds,Winter,4,0.79,4,4.54,Undefined
13/05/2021,Cardiff,Winter,-1,0.74,1,17.07,Rainy
14/05/2021,Sheffield,Winter,-10,0.7,1,17.89,Rainy
15/05/2021,St Davids,Winter,4,0.83,2,0.66,Foggy
16/05/2021,Derry/Londonderry,Winter,-3,0.89,4,2.82,Snowy
17/05/2021,London,Winter,5,0.79,4,19.7,Rainy
18/05/2021,Aberdeen,Winter,0,0.77,4,10.26,Rainy
19/05/2021,Southampton,Winter,-4,0.87,3,8.39,Rainy
20/05/2021,Nottingham,Winter,2,0.82,5,6.27,Rainy
21/05/2021,Inverness,Winter,-6,0.75,3,2.66,Snowy
22/05/2021,Stirling,Winter,-8,0.76,1,,Undefined
23/05/2021,Armagh,Winter,-8,0.71,5,11.22,Rainy
24/05/2021,Manchester,Winter,-7,0.79,4,3.27,Snowy
25/05/2021,Edinburgh,Winter,-10,0.74,4,12.49,Rainy
26/05/2021,Newport,Winter,-7,0.74,4,13.46,Rainy
27/05/2021,Glasgow,Winter,-10,0.82,4,4.12,Snowy
28/05/2021,Perth,Winter,4,0.83,1,0.62,Foggy
29/05/2021,Liverpool,Winter,2,0.79,3,,Undefined
30/05/2021,Newry,Winter,3,0.9,4,13.36,Rainy
31/05/2021,Dundee,Winter,-4,0.82,4,10.8,Rainy
01/06/2021,Belfast,Winter,3,0.77,4,,Undefined
02/06/2021,Swansea,Winter,-5,0.77,2,15.13,Rainy
03/06/2021,Bristol,Winter,-10,0.7,1,7.86,Rainy
04/06/2021,Birmingham,Winter,3,0.74,1,7,Rainy
05/06/2021,Newcastle upon Tyne,Winter,2,0.81,1,3.05,Foggy
06/06/2021,Bangor,Winter,4,0.85,2,8.7,Rainy
07/06/2021,Leeds,Winter,-8,0.82,2,16.82,Rainy
08/06/2021,Cardiff,Winter,-4,0.71,3,16.51,Rainy
09/06/2021,Sheffield,Winter,-5,0.78,1,10.77,Rainy
10/06/2021,St Davids,Winter,-2,0.71,5,,Undefined
11/06/2021,Derry/Londonderry,Winter,-5,0.86,2,11.75,Rainy
12/06/2021,London,Winter,-4,0.73,3,,Undefined
13/06/2021,Aberdeen,Winter,3,0.78,4,0.86,Undefined
14/06/2021,Southampton,Winter,0,0.82,1,7.7,Rainy
15/06/2021,Nottingham,Winter,0,0.78,4,6.07,Rainy
16/06/2021,Inverness,Winter,-5,0.8,2,,Undefined
17/06/2021,Stirling,Winter,-2,0.73,3,9.75,Rainy
18/06/2021,Armagh,Winter,-6,0.72,5,5.56,Rainy
19/06/2021,Manchester,Winter,-7,0.88,1,19.29,Rainy
20/06/2021,Edinburgh,Winter,1,0.85,4,18.07,Rainy
21/06/2021,Newport,Winter,-4,0.88,3,1.21,Snowy
22/06/2021,Glasgow,Winter,-10,0.73,4,11.05,Rainy
23/06/2021,Perth,Winter,-7,0.79,5,9.93,Rainy
24/06/2021,Liverpool,Winter,-4,0.86,3,9.9,Rainy
25/06/2021,Newry,Winter,2,0.81,2,2.84,Foggy
26/06/2021,Dundee,Winter,-10,0.74,3,14.35,Rainy
27/06/2021,Belfast,Winter,-8,0.83,5,3.43,Snowy
28/06/2021,Swansea,Winter,-10,0.87,5,19.39,Rainy
29/06/2021,Bristol,Winter,-2,0.71,4,7.77,Rainy
30/06/2021,Birmingham,Winter,-10,0.74,4,6.26,Rainy
01/07/2021,Newcastle upon Tyne,Winter,-2,0.82,4,15.02,Rainy
02/07/2021,Bangor,Winter,0,0.76,1,18.69,Rainy
03/07/2021,Leeds,Winter,-5,0.71,2,13.3,Rainy
04/07/2021,Cardiff,Winter,3,0.79,3,17.41,Rainy
05/07/2021,Sheffield,Winter,1,0.71,1,9.05,Rainy
06/07/2021,St Davids,Winter,1,0.71,3,7.86,Rainy
07/07/2021,Derry/Londonderry,Winter,1,0.71,1,13.17,Rainy
08/07/2021,London,Winter,5,0.89,2,12.82,Rainy
09/07/2021,Aberdeen,Winter,1,0.84,5,19.07,Rainy
10/07/2021,Southampton,Winter,-10,0.72,3,,Undefined
11/07/2021,Nottingham,Winter,-7,0.75,4,,Undefined
12/07/2021,Inverness,Winter,1,0.79,3,13.52,Rainy
13/07/2021,Stirling,Winter,-7,0.86,2,5.24,Rainy
14/07/2021,Armagh,Winter,-1,0.85,3,14.8,Rainy
15/07/2021,Manchester,Winter,-2,0.76,3,6.11,Rainy
16/07/2021,Edinburgh,Winter,3,0.83,2,,Foggy
17/07/2021,Newport,Winter,5,0.81,3,7.08,Rainy
18/07/2021,Glasgow,Winter,3,0.89,1,18.13,Rainy
19/07/2021,Perth,Winter,-7,0.82,5,8.17,Rainy
20/07/2021,Liverpool,Winter,5,0.71,5,19.82,Rainy
21/07/2021,Newry,Winter,3,0.77,5,5.18,Rainy
22/07/2021,Dundee,Winter,-1,0.86,3,17.64,Rainy
23/07/2021,Belfast,Winter,3,0.76,5,18.22,Rainy
24/07/2021,Swansea,Winter,2,0.82,4,,Foggy
25/07/2021,Bristol,Winter,1,0.77,1,3.26,Undefined
26/07/2021,Birmingham,Winter,-5,0.87,4,12.64,Rainy
27/07/2021,Newcastle upon Tyne,Winter,5,0.74,3,2.44,Undefined
28/07/2021,Bangor,Winter,-8,0.75,3,12.38,Rainy
29/07/2021,Leeds,Winter,-6,0.79,3,14.43,Rainy
30/07/2021,Cardiff,Winter,3,0.73,4,14.81,Rainy
31/07/2021,Sheffield,Winter,4,0.78,2,7.05,Rainy
01/08/2021,St Davids,Winter,-9,0.72,2,19.77,Rainy
02/08/2021,Derry/Londonderry,Winter,3,0.77,3,17.14,Rainy
03/08/2021,London,Winter,-1,0.82,2,5.23,Rainy
04/08/2021,Aberdeen,Winter,3,0.89,5,9.42,Rainy
05/08/2021,Southampton,Winter,5,0.81,1,18.59,Rainy
06/08/2021,Nottingham,Winter,4,0.71,3,9.67,Rainy
07/08/2021,Inverness,Winter,1,0.74,4,3.04,Undefined
08/08/2021,Stirling,Winter,-8,0.82,3,4.49,Snowy
09/08/2021,Armagh,Winter,-1,0.7,1,5.62,Rainy
10/08/2021,Manchester,Winter,0,0.86,3,7.55,Rainy
11/08/2021,Edinburgh,Winter,0,0.9,2,18.82,Rainy
12/08/2021,Newport,Winter,-1,0.75,2,1.6,Snowy
13/08/2021,Glasgow,Winter,5,0.75,3,2.06,Undefined
14/08/2021,Perth,Winter,2,0.87,2,4.18,Foggy
15/08/2021,Liverpool,Winter,-9,0.87,2,4.32,Snowy
16/08/2021,Newry,Winter,1,0.9,5,17.94,Rainy
17/08/2021,Dundee,Winter,-5,0.85,2,7.94,Rainy
18/08/2021,Belfast,Winter,-8,0.9,2,19.24,Rainy
19/08/2021,Swansea,Winter,1,0.78,2,0.64,Undefined
20/08/2021,Bristol,Winter,-2,0.86,5,12.94,Rainy
21/08/2021,Birmingham,Winter,-10,0.83,4,15.46,Rainy
22/08/2021,Newcastle upon Tyne,Winter,-6,0.86,2,12.01,Rainy
23/08/2021,Bangor,Winter,-10,0.87,4,13.61,Rainy
24/08/2021,Leeds,Winter,-8,0.76,4,,Undefined
25/08/2021,Cardiff,Winter,-7,0.73,1,5.8,Rainy
26/08/2021,Sheffield,Winter,-9,0.8,2,18.29,Rainy
27/08/2021,St Davids,Winter,-3,0.73,4,14.55,Rainy
28/08/2021,Derry/Londonderry,Winter,-3,0.8,5,18.52,Rainy
29/08/2021,London,Winter,1,0.89,1,10.58,Rainy
30/08/2021,Aberdeen,Winter,-2,0.88,1,17.89,Rainy
31/08/2021,Southampton,Winter,0,0.79,4,0.68,Undefined
01/09/2021,Nottingham,Winter,-7,0.86,5,2.02,Snowy
02/09/2021,Inverness,Winter,1,0.78,1,2.9,Undefined
03/09/2021,Stirling,Winter,-10,0.73,2,0.13,Snowy
04/09/2021,Armagh,Winter,-1,0.78,2,6.94,Rainy
05/09/2021,Manchester,Winter,-6,0.81,5,0.37,Snowy
06/09/2021,Edinburgh,Winter,3,0.74,5,19.09,Rainy
07/09/2021,Newport,Winter,-10,0.87,5,18.16,Rainy
08/09/2021,Glasgow,Winter,4,0.88,5,14.39,Rainy
09/09/2021,Perth,Winter,-8,0.82,5,1.71,Snowy
10/09/2021,Liverpool,Winter,4,0.84,1,7.46,Rainy
11/09/2021,Newry,Winter,-10,0.71,2,5.44,Rainy
12/09/2021,Dundee,Winter,4,0.71,4,9.69,Rainy
13/09/2021,Belfast,Winter,2,0.85,1,19.92,Rainy
14/09/2021,Swansea,Winter,-2,0.76,5,5.28,Rainy
15/09/2021,Bristol,Winter,-6,0.88,5,3.66,Snowy
16/09/2021,Birmingham,Winter,1,0.75,4,12.5,Rainy
17/09/2021,Newcastle upon Tyne,Winter,-7,0.76,5,11.83,Rainy
18/09/2021,Bangor,Winter,-10,0.74,2,11.16,Rainy
19/09/2021,Leeds,Winter,-1,0.88,5,3.51,Snowy
20/09/2021,Cardiff,Winter,-8,0.85,4,19.4,Rainy
21/09/2021,Sheffield,Winter,4,0.75,1,4.43,Undefined
22/09/2021,St Davids,Winter,-4,0.8,5,8.58,Rainy
23/09/2021,Derry/Londonderry,Winter,5,0.89,2,8.45,Rainy
24/09/2021,London,Winter,4,0.76,3,17.44,Rainy
25/09/2021,Aberdeen,Winter,-7,0.9,3,2.72,Snowy
26/09/2021,Southampton,Winter,-3,0.7,2,13.73,Rainy
27/09/2021,Nottingham,Winter,-6,0.88,4,18.1,Rainy
28/09/2021,Inverness,Winter,4,0.77,4,17.23,Rainy
29/09/2021,Stirling,Winter,-2,0.84,3,6.05,Rainy
30/09/2021,Armagh,Winter,-10,0.73,4,15.37,Rainy
01/10/2021,Manchester,Winter,-2,0.75,2,8.85,Rainy
02/10/2021,Edinburgh,Winter,-8,0.86,4,13.23,Rainy
03/10/2021,Newport,Winter,-5,0.85,2,0.71,Snowy
04/10/2021,Glasgow,Winter,4,0.76,3,18.68,Rainy
05/10/2021,Perth,Winter,-5,0.88,4,,Foggy
06/10/2021,Liverpool,Winter,-8,0.8,5,1.26,Snowy
07/10/2021,Newry,Winter,-2,0.82,5,8.85,Rainy
08/10/2021,Dundee,Winter,-8,0.74,3,17.66,Rainy
09/10/2021,Belfast,Winter,-9,0.82,4,2.44,Snowy
10/10/2021,Swansea,Winter,3,0.84,2,5.51,Rainy
11/10/2021,Bristol,Winter,-9,0.9,5,,Undefined
12/10/2021,Birmingham,Winter,-10,0.81,4,9.48,Rainy
13/10/2021,Newcastle upon Tyne,Winter,-8,0.86,4,8.57,Rainy
14/10/2021,Bangor,Winter,-8,0.78,1,0.5,Snowy
15/10/2021,Leeds,Winter,-1,0.72,3,11.74,Rainy
16/10/2021,Cardiff,Winter,1,0.89,4,,Foggy
17/10/2021,Sheffield,Winter,-3,0.82,2,6.91,Rainy
18/10/2021,St Davids,Winter,2,0.87,1,0.01,Foggy
19/10/2021,Derry/Londonderry,Winter,0,0.74,1,10.07,Rainy
20/10/2021,London,Winter,-6,0.83,5,7.64,Rainy
21/10/2021,Aberdeen,Winter,3,0.8,1,13.13,Rainy
22/10/2021,Southampton,Winter,-9,0.84,5,5.32,Rainy
23/10/2021,Nottingham,Winter,5,0.78,1,9.39,Rainy
24/10/2021,Inverness,Winter,-1,0.86,3,6.1,Rainy
25/10/2021,Stirling,Winter,-2,0.81,5,19.37,Rainy
26/10/2021,Armagh,Winter,0,0.9,2,0.22,Foggy
27/10/2021,Manchester,Winter,-6,0.9,2,16.49,Rainy
28/10/2021,Edinburgh,Winter,-7,0.87,3,9.89,Rainy
29/10/2021,Newport,Winter,-4,0.86,4,13.08,Rainy
30/10/2021,Glasgow,Winter,-2,0.89,2,19.7,Rainy
31/10/2021,Perth,Winter,-3,0.8,5,10.17,Rainy
01/11/2021,Liverpool,Winter,-10,0.75,5,9.12,Rainy
02/11/2021,Newry,Winter,-1,0.75,4,18.49,Rainy
03/11/2021,Dundee,Winter,2,0.78,2,0.92,Undefined
04/11/2021,Belfast,Winter,3,0.75,1,0.49,Undefined
05/11/2021,Swansea,Winter,0,0.85,2,18.87,Rainy
06/11/2021,Bristol,Winter,-8,0.88,3,9.35,Rainy
07/11/2021,Birmingham,Winter,-10,0.71,2,0.69,Snowy
08/11/2021,Newcastle upon Tyne,Winter,-2,0.84,5,,Undefined
09/11/2021,Bangor,Winter,-1,0.8,5,14.61,Rainy
10/11/2021,Leeds,Winter,-9,0.85,4,,Foggy
11/11/2021,Cardiff,Winter,-3,0.76,4,17.9,Rainy
12/11/2021,Sheffield,Winter,-7,0.88,3,4.2,Snowy
13/11/2021,St Davids,Winter,4,0.75,1,1.13,Undefined
14/11/2021,Derry/Londonderry,Winter,-9,0.88,2,19.91,Rainy
15/11/2021,London,Winter,-8,0.83,2,,Foggy
16/11/2021,Aberdeen,Winter,-5,0.83,4,6.14,Rainy
17/11/2021,Southampton,Winter,-10,0.71,1,6.33,Rainy
18/11/2021,Nottingham,Winter,1,0.86,1,,Foggy
19/11/2021,Inverness,Winter,4,0.88,4,17.6,Rainy
20/11/2021,Stirling,Winter,-5,0.75,3,12.17,Rainy
21/11/2021,Armagh,Winter,2,0.89,5,5.49,Rainy
22/11/2021,Manchester,Winter,-5,0.89,3,5.51,Rainy
23/11/2021,Edinburgh,Winter,-1,0.8,2,10.16,Rainy
24/11/2021,Newport,Winter,-2,0.81,1,13.23,Rainy
25/11/2021,Glasgow,Winter,-4,0.75,2,17.97,Rainy
26/11/2021,Perth,Winter,-7,0.89,5,8.36,Rainy
27/11/2021,Liverpool,Winter,1,0.8,3,12.44,Rainy
28/11/2021,Newry,Winter,-4,0.84,1,3.9,Snowy
29/11/2021,Dundee,Winter,-6,0.74,4,14.41,Rainy
30/11/2021,Belfast,Winter,4,0.78,3,9.42,Rainy
01/12/2021,Swansea,Winter,-8,0.82,2,14.97,Rainy
02/12/2021,Bristol,Winter,5,0.77,1,14.24,Rainy
03/12/2021,Birmingham,Winter,4,0.72,1,10.05,Rainy
04/12/2021,Newcastle upon Tyne,Winter,-9,0.79,4,13.38,Rainy
05/12/2021,Bangor,Winter,-7,0.84,1,2.48,Snowy
06/12/2021,Leeds,Winter,-1,0.86,5,11.34,Rainy
07/12/2021,Cardiff,Winter,-1,0.76,4,,Undefined
08/12/2021,Sheffield,Winter,5,0.81,1,11.64,Rainy
09/12/2021,St Davids,Winter,-7,0.89,4,12.01,Rainy
10/12/2021,Derry/Londonderry,Winter,-7,0.72,4,,Undefined
11/12/2021,London,Winter,-7,0.83,1,8.95,Rainy
12/12/2021,Aberdeen,Winter,2,0.86,3,1.07,Foggy
13/12/2021,Southampton,Winter,-9,0.89,5,16.79,Rainy
14/12/2021,Nottingham,Winter,5,0.88,1,17.62,Rainy
15/12/2021,Inverness,Winter,-4,0.81,3,9.6,Rainy
16/12/2021,Stirling,Winter,4,0.88,3,10.44,Rainy
17/12/2021,Armagh,Winter,0,0.83,4,14.38,Rainy
18/12/2021,Manchester,Winter,2,0.74,4,11.64,Rainy
19/12/2021,Edinburgh,Winter,5,0.85,2,10.93,Rainy
20/12/2021,Newport,Winter,-3,0.88,2,7.11,Rainy
21/12/2021,Glasgow,Winter,-1,0.89,4,17.23,Rainy
22/12/2021,Perth,Winter,-10,0.87,2,4.18,Snowy
23/12/2021,Liverpool,Winter,5,0.77,1,8.44,Rainy
24/12/2021,Newry,Winter,-9,0.78,2,7.08,Rainy
25/12/2021,Dundee,Winter,2,0.72,2,8.69,Rainy
26/12/2021,Belfast,Winter,-3,0.8,3,5.46,Rainy
27/12/2021,Swansea,Winter,-5,0.79,3,11.61,Rainy
28/12/2021,Bristol,Winter,4,0.8,2,,Undefined
29/12/2021,Birmingham,Winter,-4,0.88,2,10.95,Rainy
30/12/2021,Newcastle upon Tyne,Winter,-8,0.88,5,8.07,Rainy
31/12/2021,Bangor,Winter,3,0.84,2,4.26,Foggy
01/01/2022,Leeds,Winter,-3,0.72,4,9.56,Rainy
02/01/2022,Cardiff,Winter,-7,0.79,2,5.89,Rainy
03/01/2022,Sheffield,Winter,5,0.71,2,4.11,Undefined
04/01/2022,St Davids,Winter,-1,0.72,3,17.04,Rainy
05/01/2022,Derry/Londonderry,Winter,-1,0.74,4,0.96,Snowy
06/01/2022,London,Winter,-10,0.87,3,8.19,Rainy
07/01/2022,Aberdeen,Winter,0,0.75,1,10.5,Rainy
08/01/2022,Southampton,Winter,-5,0.83,3,9,Rainy
09/01/2022,Nottingham,Winter,-9,0.87,2,11.7,Rainy
10/01/2022,Inverness,Winter,4,0.7,2,0.44,Undefined
11/01/2022,Stirling,Winter,-10,0.73,3,3.01,Snowy
12/01/2022,Armagh,Winter,0,0.85,5,3.45,Undefined
13/01/2022,Manchester,Winter,-8,0.85,4,,Foggy
14/01/2022,Edinburgh,Winter,4,0.75,3,0.67,Undefined
15/01/2022,Newport,Winter,-5,0.82,1,17.6,Rainy
16/01/2022,Glasgow,Winter,2,0.87,4,10.85,Rainy
17/01/2022,Perth,Winter,-6,0.84,1,,Foggy
18/01/2022,Liverpool,Winter,-6,0.83,4,,Foggy
19/01/2022,Newry,Winter,4,0.89,1,7.58,Rainy
20/01/2022,Dundee,Winter,3,0.88,4,1.73,Foggy
21/01/2022,Belfast,Winter,-7,0.73,4,5.74,Rainy
22/01/2022,Swansea,Winter,5,0.73,2,9.82,Rainy
23/01/2022,Bristol,Winter,2,0.79,2,3.48,Undefined
24/01/2022,Birmingham,Winter,4,0.71,3,12.82,Rainy
25/01/2022,Newcastle upon Tyne,Winter,0,0.89,1,12.84,Rainy
26/01/2022,Bangor,Winter,1,0.89,2,19.22,Rainy
27/01/2022,Leeds,Winter,-4,0.89,1,2.01,Snowy
28/01/2022,Cardiff,Winter,0,0.83,2,0.05,Foggy
29/01/2022,Sheffield,Winter,2,0.74,1,6.2,Rainy
30/01/2022,St Davids,Winter,4,0.79,3,,Undefined
31/01/2022,Derry/Londonderry,Winter,-2,0.84,4,15.34,Rainy
01/02/2022,London,Winter,4,0.88,3,17.22,Rainy
02/02/2022,Aberdeen,Winter,-9,0.86,1,6.64,Rainy
03/02/2022,Southampton,Winter,-4,0.88,5,0.01,Snowy
04/02/2022,Nottingham,Winter,3,0.74,5,12.11,Rainy
05/02/2022,Inverness,Winter,-4,0.79,3,6.32,Rainy
06/02/2022,Stirling,Winter,-7,0.9,1,11.35,Rainy
07/02/2022,Armagh,Winter,-8,0.7,2,16.92,Rainy
08/02/2022,Manchester,Winter,-1,0.73,2,13.8,Rainy
09/02/2022,Edinburgh,Winter,-2,0.84,3,16.94,Rainy
10/02/2022,Newport,Winter,-1,0.74,4,3.27,Snowy
11/02/2022,Glasgow,Winter,5,0.89,2,8.44,Rainy
12/02/2022,Perth,Winter,4,0.87,4,1.36,Foggy
13/02/2022,Liverpool,Winter,-3,0.8,2,14.41,Rainy
14/02/2022,Newry,Winter,4,0.7,2,3.79,Undefined
15/02/2022,Dundee,Winter,-10,0.86,3,16.8,Rainy
16/02/2022,Belfast,Winter,-4,0.83,5,0.87,Snowy
17/02/2022,Swansea,Winter,-8,0.75,2,1.32,Snowy
18/02/2022,Bristol,Winter,5,0.76,4,14.95,Rainy
19/02/2022,Birmingham,Winter,2,0.73,4,10.03,Rainy
20/02/2022,Newcastle upon Tyne,Winter,-2,0.83,2,1.26,Snowy
21/02/2022,Bangor,Winter,4,0.89,4,5.94,Rainy
22/02/2022,Leeds,Winter,-9,0.78,3,17.09,Rainy
23/02/2022,Cardiff,Winter,-3,0.76,5,13.59,Rainy
24/02/2022,Sheffield,Winter,-4,0.88,5,6.21,Rainy
25/02/2022,St Davids,Winter,-6,0.89,5,17.52,Rainy
26/02/2022,Derry/Londonderry,Winter,0,0.86,5,7.72,Rainy
27/02/2022,London,Winter,-3,0.81,2,16.04,Rainy
28/02/2022,Aberdeen,Winter,1,0.81,2,9.07,Rainy
01/03/2022,Southampton,Winter,5,0.85,3,16.31,Rainy
02/03/2022,Nottingham,Winter,-4,0.78,5,18.29,Rainy
03/03/2022,Inverness,Winter,-10,0.71,5,1.97,Snowy
04/03/2022,Stirling,Winter,-4,0.85,2,9.05,Rainy
05/03/2022,Armagh,Winter,-8,0.75,1,5.46,Rainy
06/03/2022,Manchester,Winter,-6,0.89,5,,Undefined
07/03/2022,Edinburgh,Winter,2,0.84,1,10.1,Rainy
08/03/2022,Newport,Winter,-6,0.75,3,8.8,Rainy
09/03/2022,Glasgow,Winter,-9,0.72,1,14.04,Rainy
10/03/2022,Perth,Winter,-6,0.74,4,6.16,Rainy
11/03/2022,Liverpool,Winter,-2,0.75,1,13.46,Rainy
12/03/2022,Newry,Winter,2,0.71,3,13.78,Rainy
13/03/2022,Dundee,Winter,-10,0.73,1,1.57,Snowy
14/03/2022,Belfast,Winter,-6,0.72,1,11.51,Rainy
15/03/2022,Swansea,Winter,3,0.71,4,15.31,Rainy
16/03/2022,Bristol,Winter,-4,0.83,5,4.02,Snowy
17/03/2022,Birmingham,Winter,-10,0.78,5,15.36,Rainy
18/03/2022,Newcastle upon Tyne,Winter,-10,0.83,2,11.21,Rainy
19/03/2022,Bangor,Winter,-5,0.75,4,11.56,Rainy
20/03/2022,Leeds,Winter,0,0.76,3,3.31,Undefined
21/03/2022,Cardiff,Winter,-9,0.87,4,1.82,Snowy
22/03/2022,Sheffield,Winter,2,0.87,2,2.73,Foggy
23/03/2022,St Davids,Winter,2,0.77,5,4.26,Undefined
24/03/2022,Derry/Londonderry,Winter,5,0.72,2,15.45,Rainy
25/03/2022,London,Winter,-3,0.9,2,15.05,Rainy
26/03/2022,Aberdeen,Winter,5,0.88,2,19.95,Rainy
27/03/2022,Southampton,Winter,-1,0.78,5,16.1,Rainy
28/03/2022,Nottingham,Winter,4,0.79,2,17.94,Rainy
29/03/2022,Inverness,Winter,0,0.79,3,9.31,Rainy
30/03/2022,Stirling,Winter,-5,0.89,4,19.01,Rainy
31/03/2022,Armagh,Winter,-7,0.77,2,19.54,Rainy
01/04/2022,Manchester,Winter,5,0.75,3,16.22,Rainy
02/04/2022,Edinburgh,Winter,0,0.76,2,15.69,Rainy
03/04/2022,Newport,Winter,3,0.9,4,16.14,Rainy
04/04/2022,Glasgow,Winter,4,0.74,3,18.79,Rainy
05/04/2022,Perth,Winter,-4,0.74,1,14.6,Rainy
06/04/2022,Liverpool,Winter,-7,0.87,1,7.43,Rainy
07/04/2022,Newry,Winter,-10,0.72,1,5.75,Rainy
08/04/2022,Dundee,Winter,-9,0.81,5,17.83,Rainy
09/04/2022,Belfast,Winter,-9,0.8,4,9.87,Rainy
10/04/2022,Swansea,Winter,-5,0.84,1,8.12,Rainy
11/04/2022,Bristol,Winter,-7,0.83,5,12.85,Rainy
12/04/2022,Birmingham,Winter,0,0.85,1,11.96,Rainy
13/04/2022,Newcastle upon Tyne,Winter,-9,0.85,2,10.38,Rainy
14/04/2022,Bangor,Winter,4,0.79,5,19.34,Rainy
15/04/2022,Leeds,Winter,-6,0.79,1,4.12,Snowy
16/04/2022,Cardiff,Winter,-7,0.76,5,5.52,Rainy
17/04/2022,Sheffield,Winter,-4,0.82,4,2.69,Snowy
18/04/2022,St Davids,Winter,4,0.75,5,17.01,Rainy
19/04/2022,Derry/Londonderry,Winter,3,0.71,5,19.6,Rainy
20/04/2022,London,Winter,-7,0.88,3,,Foggy
21/04/2022,Aberdeen,Winter,-9,0.81,1,18.27,Rainy
22/04/2022,Southampton,Winter,-2,0.8,2,11.52,Rainy
23/04/2022,Nottingham,Winter,3,0.84,4,19.97,Rainy
24/04/2022,Inverness,Winter,2,0.71,2,3.8,Undefined
25/04/2022,Stirling,Winter,-5,0.74,4,7.33,Rainy
26/04/2022,Armagh,Winter,2,0.74,5,4.91,Undefined
27/04/2022,Manchester,Winter,1,0.86,5,18.54,Rainy
28/04/2022,Edinburgh,Winter,-4,0.82,3,9.45,Rainy
29/04/2022,Newport,Winter,-6,0.87,3,18.16,Rainy
30/04/2022,Glasgow,Winter,0,0.8,3,5.47,Rainy
01/05/2022,Perth,Winter,5,0.88,2,8.62,Rainy
02/05/2022,Liverpool,Winter,-4,0.71,2,17.5,Rainy
03/05/2022,Newry,Winter,3,0.78,2,1.86,Undefined
04/05/2022,Dundee,Winter,-3,0.75,3,13.76,Rainy
05/05/2022,Belfast,Winter,5,0.71,4,4.75,Undefined
06/05/2022,Swansea,Winter,-10,0.86,1,4.73,Snowy
07/05/2022,Bristol,Winter,3,0.78,2,10.2,Rainy
08/05/2022,Birmingham,Winter,5,0.74,4,17.16,Rainy
09/05/2022,Newcastle upon Tyne,Winter,-9,0.78,1,7.52,Rainy
10/05/2022,Bangor,Winter,0,0.76,2,9.76,Rainy
11/05/2022,Leeds,Winter,4,0.76,5,,Undefined
12/05/2022,Cardiff,Winter,-7,0.84,4,4.8,Snowy
13/05/2022,Sheffield,Winter,-4,0.79,1,7.94,Rainy
14/05/2022,St Davids,Winter,-5,0.87,4,1.79,Snowy
15/05/2022,Derry/Londonderry,Winter,5,0.83,1,8.67,Rainy
16/05/2022,London,Winter,5,0.8,4,12.01,Rainy
17/05/2022,Aberdeen,Winter,4,0.74,3,16.4,Rainy
18/05/2022,Southampton,Winter,1,0.75,3,2.16,Undefined
19/05/2022,Nottingham,Winter,-4,0.84,1,,Foggy
20/05/2022,Inverness,Winter,2,0.81,2,4.15,Foggy
21/05/2022,Stirling,Winter,5,0.77,5,2.47,Undefined
22/05/2022,Armagh,Winter,-8,0.75,4,9.42,Rainy
23/05/2022,Manchester,Winter,-7,0.9,4,11.35,Rainy
24/05/2022,Edinburgh,Winter,-4,0.89,1,17.07,Rainy
25/05/2022,Newport,Winter,1,0.89,2,6.43,Rainy
26/05/2022,Glasgow,Winter,1,0.84,4,,Foggy
27/05/2022,Perth,Winter,-9,0.79,2,18.44,Rainy
28/05/2022,Liverpool,Winter,-2,0.84,1,7.53,Rainy
29/05/2022,Newry,Winter,-4,0.72,5,16.7,Rainy
30/05/2022,Dundee,Winter,-2,0.85,3,17.55,Rainy
31/05/2022,Belfast,Winter,-6,0.72,1,2.09,Snowy
01/06/2022,Swansea,Winter,5,0.79,4,7.86,Rainy
02/06/2022,Bristol,Winter,5,0.83,1,16.8,Rainy
03/06/2022,Birmingham,Winter,-9,0.82,2,11.62,Rainy
04/06/2022,Newcastle upon Tyne,Winter,-2,0.83,3,3.24,Snowy
05/06/2022,Bangor,Winter,1,0.85,5,4.71,Undefined
06/06/2022,Leeds,Winter,-4,0.82,5,,Undefined
07/06/2022,Cardiff,Winter,3,0.82,3,18.52,Rainy
08/06/2022,Sheffield,Winter,-4,0.87,1,13.01,Rainy
09/06/2022,St Davids,Winter,1,0.76,3,9,Rainy
10/06/2022,Derry/Londonderry,Winter,-10,0.86,1,11.57,Rainy
11/06/2022,London,Winter,-10,0.9,3,11.94,Rainy
12/06/2022,Aberdeen,Winter,-3,0.76,2,2,Snowy
13/06/2022,Southampton,Winter,-7,0.83,2,6.98,Rainy
14/06/2022,Nottingham,Winter,-3,0.9,5,0.74,Snowy
15/06/2022,Inverness,Winter,-1,0.71,2,4.21,Snowy
16/06/2022,Stirling,Winter,-8,0.89,4,16.59,Rainy
17/06/2022,Armagh,Winter,-4,0.77,1,1.97,Snowy
18/06/2022,Manchester,Winter,-8,0.87,5,,Undefined
19/06/2022,Edinburgh,Winter,-9,0.8,2,13.61,Rainy
20/06/2022,Newport,Winter,-6,0.79,3,18.23,Rainy
21/06/2022,Glasgow,Winter,1,0.73,5,3.2,Undefined
22/06/2022,Perth,Winter,-2,0.73,4,11.27,Rainy
23/06/2022,Liverpool,Winter,1,0.8,2,19.39,Rainy
24/06/2022,Newry,Winter,1,0.88,5,14.78,Rainy
25/06/2022,Dundee,Winter,-1,0.72,2,,Undefined
26/06/2022,Belfast,Winter,-7,0.72,2,,Undefined
27/06/2022,Swansea,Winter,-3,0.87,1,5.1,Rainy
28/06/2022,Bristol,Winter,2,0.84,2,4.37,Foggy
29/06/2022,Birmingham,Winter,4,0.74,3,4.28,Undefined
30/06/2022,Newcastle upon Tyne,Winter,-1,0.77,5,7.66,Rainy
01/07/2022,Bangor,Winter,-8,0.81,4,16.96,Rainy
02/07/2022,Leeds,Winter,0,0.81,1,,Foggy
03/07/2022,Cardiff,Winter,4,0.83,3,14.36,Rainy
04/07/2022,Sheffield,Winter,0,0.74,2,16.7,Rainy
05/07/2022,St Davids,Winter,-9,0.73,5,5.13,Rainy
06/07/2022,Derry/Londonderry,Winter,-4,0.85,5,19.71,Rainy
07/07/2022,London,Winter,2,0.87,1,6.67,Rainy
08/07/2022,Aberdeen,Winter,-7,0.88,4,5.78,Rainy
09/07/2022,Southampton,Winter,-5,0.89,3,5.53,Rainy
10/07/2022,Nottingham,Winter,-6,0.75,2,3.66,Snowy
11/07/2022,Inverness,Winter,0,0.77,5,2.95,Undefined
12/07/2022,Stirling,Winter,-9,0.82,5,17.58,Rainy
13/07/2022,Armagh,Winter,0,0.9,4,2.63,Foggy
14/07/2022,Manchester,Winter,0,0.71,5,11.15,Rainy
15/07/2022,Edinburgh,Winter,-8,0.82,3,19.62,Rainy
16/07/2022,Newport,Winter,-7,0.71,1,12.97,Rainy
17/07/2022,Glasgow,Winter,2,0.81,2,16.12,Rainy
18/07/2022,Perth,Winter,-7,0.78,2,19.93,Rainy
19/07/2022,Liverpool,Winter,-5,0.78,1,,Undefined
20/07/2022,Newry,Winter,-3,0.89,4,3.89,Snowy
21/07/2022,Dundee,Winter,-7,0.85,5,6.74,Rainy
22/07/2022,Belfast,Winter,-2,0.83,1,0.33,Snowy
23/07/2022,Swansea,Winter,0,0.76,3,18.7,Rainy
24/07/2022,Bristol,Winter,4,0.77,5,0.49,Undefined
25/07/2022,Birmingham,Winter,-2,0.82,3,16.91,Rainy
26/07/2022,Newcastle upon Tyne,Winter,-4,0.72,2,9.81,Rainy
27/07/2022,Bangor,Winter,5,0.8,4,17.49,Rainy
28/07/2022,Leeds,Winter,1,0.74,3,11.37,Rainy
29/07/2022,Cardiff,Winter,-3,0.75,5,3.68,Snowy
30/07/2022,Sheffield,Winter,5,0.81,5,3.67,Undefined
31/07/2022,St Davids,Winter,-6,0.76,1,7.9,Rainy
01/08/2022,Derry/Londonderry,Winter,-3,0.72,5,8.19,Rainy
02/08/2022,London,Winter,-5,0.88,1,16.15,Rainy
03/08/2022,Aberdeen,Winter,0,0.74,5,10.06,Rainy
04/08/2022,Southampton,Winter,-1,0.75,3,7.76,Rainy
05/08/2022,Nottingham,Winter,0,0.8,2,10.14,Rainy
06/08/2022,Inverness,Winter,3,0.83,3,10.6,Rainy
07/08/2022,Stirling,Winter,-7,0.8,5,7.94,Rainy
08/08/2022,Armagh,Winter,-5,0.82,1,7.53,Rainy
09/08/2022,Manchester,Winter,-1,0.78,3,10.32,Rainy
10/08/2022,Edinburgh,Winter,1,0.84,5,7.76,Rainy
11/08/2022,Newport,Winter,-9,0.87,4,11.29,Rainy
12/08/2022,Glasgow,Winter,-1,0.84,3,6.74,Rainy
13/08/2022,Perth,Winter,-10,0.74,1,12.35,Rainy
14/08/2022,Liverpool,Winter,-1,0.86,1,12.77,Rainy
15/08/2022,Newry,Winter,3,0.75,5,17.3,Rainy
16/08/2022,Dundee,Winter,-4,0.72,4,11.71,Rainy
17/08/2022,Belfast,Winter,-6,0.86,1,0.46,Snowy
18/08/2022,Swansea,Winter,3,0.77,2,6.38,Rainy
19/08/2022,Bristol,Winter,-8,0.81,4,2.77,Snowy
20/08/2022,Birmingham,Winter,-1,0.77,1,12.16,Rainy
21/08/2022,Newcastle upon Tyne,Winter,5,0.72,3,12.37,Rainy
22/08/2022,Bangor,Winter,-2,0.7,2,12.25,Rainy
23/08/2022,Leeds,Winter,2,0.74,5,15.18,Rainy
24/08/2022,Cardiff,Winter,-8,0.86,5,,Undefined
25/08/2022,Sheffield,Winter,3,0.7,4,8.15,Rainy
26/08/2022,St Davids,Winter,-6,0.76,4,14.23,Rainy
27/08/2022,Derry/Londonderry,Winter,-3,0.88,5,14.62,Rainy
28/08/2022,London,Winter,2,0.76,4,5.29,Rainy
29/08/2022,Aberdeen,Winter,0,0.85,1,,Foggy
30/08/2022,Southampton,Winter,-3,0.82,5,14.87,Rainy
31/08/2022,Nottingham,Winter,0,0.7,3,2.5,Undefined
01/09/2022,Inverness,Winter,4,0.8,2,4.53,Undefined
02/09/2022,Stirling,Winter,2,0.88,1,10.26,Rainy
03/09/2022,Armagh,Winter,-9,0.84,1,16.21,Rainy
04/09/2022,Manchester,Winter,-2,0.85,2,10.97,Rainy
05/09/2022,Edinburgh,Winter,3,0.83,2,13.63,Rainy
06/09/2022,Newport,Winter,1,0.85,2,8.12,Rainy
07/09/2022,Glasgow,Winter,-5,0.85,1,14.22,Rainy
08/09/2022,Perth,Winter,-8,0.8,5,3.49,Snowy
09/09/2022,Liverpool,Winter,-7,0.85,4,14.48,Rainy
10/09/2022,Newry,Winter,-10,0.75,3,1.68,Snowy
11/09/2022,Dundee,Winter,-2,0.81,2,19.83,Rainy
12/09/2022,Belfast,Winter,-4,0.83,3,14.52,Rainy
13/09/2022,Swansea,Winter,-10,0.85,5,14.77,Rainy
14/09/2022,Bristol,Winter,2,0.76,2,19.85,Rainy
15/09/2022,Birmingham,Winter,-3,0.78,2,8.03,Rainy
16/09/2022,Newcastle upon Tyne,Winter,-5,0.85,1,18.53,Rainy
17/09/2022,Bangor,Winter,-8,0.76,5,,Undefined
18/09/2022,Leeds,Winter,3,0.76,4,6.63,Rainy
19/09/2022,Cardiff,Winter,5,0.72,3,4.8,Undefined
20/09/2022,Sheffield,Winter,-3,0.81,5,1.05,Snowy
21/09/2022,St Davids,Winter,2,0.8,4,2.41,Undefined
22/09/2022,Derry/Londonderry,Winter,5,0.85,5,12.22,Rainy
23/09/2022,London,Winter,-8,0.74,5,2.49,Snowy
24/09/2022,Aberdeen,Winter,-10,0.78,3,4.06,Snowy
25/09/2022,Southampton,Winter,-3,0.81,3,12.29,Rainy
26/09/2022,Nottingham,Winter,-3,0.81,1,14.56,Rainy
